Country,Gross tertiary education enrollment (%),Population,Title,Unemployment rate,Urban_population,Youtuber,category,channel_type,channel_type_rank,country_rank,created_date,created_month,created_year,highest_monthly_earnings,highest_yearly_earnings,lowest_monthly_earnings,lowest_yearly_earnings,rank,subscribers,subscribers_for_last_30_days,uploads,video views,video_views_for_the_last_30_days,video_views_rank,engagement_rate,views_per_upload
India,28.1,1366417754,T-Series,5.36,471031528,T-Series,Music,Music,1,1,13,Mar,2006,9000000,108400000,564600,6800000,1,245000000,2000000,20082,2.28E+11,2258000000,1,0.816326531,11353450.85
United States,88.2,328239523,MrBeast,14.7,270663028,MrBeast,Entertainment,Entertainment,1,1,20,Feb,2012,5400000,64700000,337000,4000000,3,166000000,8000000,741,28368841870,1348000000,48,4.819277108,38284536.94
United States,88.2,328239523,Cocomelon - Nursery Rhymes,14.7,270663028,Cocomelon - Nursery Rhymes,Education,Education,1,2,1,Sep,2006,7900000,94800000,493800,5900000,4,162000000,1000000,966,1.64E+11,1975000000,2,0.617283951,169772256.7
India,28.1,1366417754,SET India,5.36,471031528,SET India,Shows,Entertainment,2,2,20,Sep,2006,7300000,87500000,455900,5500000,5,159000000,1000000,116536,1.48E+11,1824000000,3,0.628930818,1269993.822
Russia,81.9,144373535,Like Nastya Vlog,4.59,107683889,Like Nastya,People & Blogs,People,25,5,14,Jan,2016,195800,2300000,12200,146800,9,106000000,100000,493,90479060027,48947000,630,0.094339623,183527505.1
United States,88.2,328239523,Vlad and Niki,14.7,270663028,Vlad and Niki,Entertainment,Entertainment,6,5,23,Apr,2018,2300000,27900000,145100,1700000,10,98900000,600000,574,77180169894,580574000,8,0.606673407,134460226.3
India,28.1,1366417754,Zee Music Company,5.36,471031528,Zee Music Company,Music,Music,2,3,12,Mar,2014,3200000,38600000,200900,2400000,11,96700000,1100000,8548,57856289381,803613000,12,1.13753878,6768400.723
United States,88.2,328239523,WWE,14.7,270663028,WWE,Sports,Sports,1,6,11,May,2007,2900000,34300000,178700,2100000,12,96000000,600000,70127,77428473662,714614000,7,0.625,1104117.867
South Korea,94.3,51709098,BLACKPINK,4.15,42106719,BLACKPINK,People & Blogs,Music,3,1,29,Jun,2016,2000000,23900000,124700,1500000,14,89800000,700000,543,32144597566,498930000,32,0.779510022,59198153.9
India,28.1,1366417754,Sony SAB,5.36,471031528,Sony SAB,Shows,Entertainment,7,5,4,Aug,2007,6600000,79600000,414300,5000000,16,83000000,1100000,71270,1.01E+11,1657000000,4,1.325301205,1417146.064
South Korea,94.3,51709098,BANGTANTV,4.15,42106719,BANGTANTV,Music,Music,4,2,17,Dec,2012,673200,8100000,42100,504900,18,75600000,400000,2281,20826993957,168290000,112,0.529100529,9130641.805
Canada,68.9,36991981,Justin Bieber,5.56,30628482,Justin Bieber,Music,Music,6,1,15,Jan,2007,705300,8500000,44100,529000,20,71600000,100000,249,30608119724,176326000,38,0.139664804,122924175.6
South Korea,94.3,51709098,HYBE LABELS,4.15,42106719,HYBE LABELS,Music,Music,5,3,4,Jun,2008,2400000,28700000,149500,1800000,21,71300000,900000,1337,28634566938,598173000,46,1.26227209,21417028.38
India,28.1,1366417754,Zee TV,5.36,471031528,Zee TV,Entertainment,Entertainment,8,6,11,Dec,2005,6800000,81900000,426800,5100000,22,70500000,900000,129204,73139054467,1707000000,9,1.276595745,566074.2273
United States,88.2,328239523,Pinkfong Baby Shark - Kids' Songs & Stories,14.7,270663028,Pinkfong Baby Shark - Kids' Songs & Stories,Education,Education,2,8,14,Dec,2011,1900000,22700000,118300,1400000,23,68200000,600000,2865,38843229963,473387000,23,0.879765396,13557846.41
India,28.1,1366417754,ChuChu TV Nursery Rhymes & Kids Songs,5.36,471031528,ChuChu TV Nursery Rhymes & Kids Songs,Education,Education,3,7,9,Feb,2013,1700000,20200000,105100,1300000,25,65900000,500000,633,45757850229,420292000,18,0.758725341,72287283.14
India,28.1,1366417754,Shemaroo Filmi Gaane,5.36,471031528,Shemaroo Filmi Gaane,Music,Music,8,8,11,Jun,2010,1000000,12200000,63700,764900,26,65600000,400000,8502,28648024439,254961000,47,0.609756098,3369562.978
India,28.1,1366417754,Colors TV,5.36,471031528,Colors TV,Shows,Entertainment,9,9,13,Jun,2008,4800000,57000000,296900,3600000,27,64600000,1100000,112915,61510906457,1188000000,10,1.702786378,544754.0757
United States,88.2,328239523,Dude Perfect,14.7,270663028,Dude Perfect,Sports,Sports,3,9,17,Mar,2009,564800,6800000,35300,423600,29,59500000,100000,389,16241549158,141200000,182,0.168067227,41752054.39
United States,88.2,328239523,Movieclips,14.7,270663028,Movieclips,Film & Animation,Film,3,9,28,Apr,2006,458700,5500000,28700,344000,30,59500000,100000,39113,59316472754,114668000,11,0.168067227,1516541.118
India,28.1,1366417754,Tips Official,5.36,471031528,Tips Official,Music,Music,10,11,22,May,2007,1700000,20300000,105700,1300000,31,59300000,600000,4741,33431802698,422634000,30,1.011804384,7051635.245
Argentina,90,44938712,El Reino Infantil,9.79,41339571,El Reino Infantil,Music,Music,11,1,2,Jun,2011,2400000,29400000,153000,1800000,32,58400000,600000,1510,57271630846,611828000,13,1.02739726,37928232.35
India,28.1,1366417754,Wave Music,5.36,471031528,Wave Music,Music,Music,12,12,29,Oct,2014,928100,11100000,58000,696100,33,58000000,500000,19487,40602020243,232025000,21,0.862068966,2083543.914
India,28.1,1366417754,Aaj Tak,5.36,471031528,Aaj Tak,News & Politics,News,1,13,27,Aug,2009,1800000,22100000,115300,1400000,34,57600000,500000,283775,25307753534,461148000,71,0.868055556,89182.46334
India,28.1,1366417754,Sony Music India,5.36,471031528,Sony Music India,Music,Music,13,14,2,Sep,2009,1000000,12400000,64800,777900,35,57200000,300000,3882,28837144516,259310000,45,0.524475524,7428424.656
United States,88.2,328239523,EminemMusic,14.7,270663028,EminemMusic,Music,Music,14,10,9,Feb,2007,1000000,12500000,65000,780600,36,56900000,300000,156,27073872856,260193000,59,0.527240773,173550467
United States,88.2,328239523,Marshmello,14.7,270663028,Marshmello,Entertainment,Music,15,11,6,Apr,2015,448400,5400000,28000,336300,37,56400000,100000,436,14696003229,112100000,233,0.177304965,33706429.42
India,28.1,1366417754,YRF,5.36,471031528,YRF,Film & Animation,Music,16,15,7,Jun,2006,2000000,24600000,128000,1500000,38,54600000,500000,3707,35302243691,512093000,28,0.915750916,9523130.211
United Kingdom,60,66834405,Ed Sheeran,3.85,55908316,Ed Sheeran,Music,Music,18,1,8,Aug,2006,810900,9700000,50700,608200,40,53500000,100000,383,30367676736,202720000,39,0.186915888,79288973.2
India,28.1,1366417754,Infobells - Hindi,5.36,471031528,Infobells - Hindi,Education,Education,4,16,6,Jun,2014,3300000,39200000,204000,2400000,41,53300000,1600000,577,30516172739,815949000,37,3.001876173,52887647.73
United States,88.2,328239523,Taylor Swift,14.7,270663028,Taylor Swift,Music,Music,19,13,20,Sep,2006,2100000,25400000,132100,1600000,42,52900000,800000,216,29884657286,528392000,40,1.512287335,138354894.8
United States,88.2,328239523,Ariana Grande,14.7,270663028,Ariana Grande,Music,Music,20,14,22,Jan,2007,640900,7700000,40100,480600,43,52700000,100000,147,24004842608,160216000,78,0.189753321,163298249
United States,88.2,328239523,BillionSurpriseToys  - Nursery Rhymes & Cart√î√∏Œ©,14.7,270663028,BillionSurpriseToys  - Nursery Rhymes & Cartoons,Education,Education,5,15,25,Oct,2013,1100000,12800000,66700,800200,44,52200000,600000,847,9877365274,266747000,450,1.149425287,11661588.28
Chile,88.5,18952038,JuegaGerman,7.09,16610135,JuegaGerman,Gaming,Games,2,1,19,May,2013,265600,3200000,16600,199200,45,48100000,200000,2052,14631710289,66388000,237,0.415800416,7130463.104
United States,88.2,328239523,Billie Eilish,14.7,270663028,Billie Eilish,Music,Music,21,16,6,Feb,2013,587400,7000000,36700,440600,46,47900000,200000,65,13626331061,146862000,263,0.417536534,209635862.5
Russia,81.9,144373535,Get Movies,4.59,107683889,Get Movies,Entertainment,Film,4,1,16,Dec,2006,1200000,14700000,76600,919600,47,47500000,700000,3322,30788679536,306540000,35,1.473684211,9268115.453
India,28.1,1366417754,Shemaroo,5.36,471031528,Shemaroo,Entertainment,Entertainment,10,17,1,Sep,2007,931000,11200000,58200,698200,48,47400000,500000,11451,22519705183,232744000,97,1.054852321,1966614.722
United States,88.2,328239523,SonyMusicIndiaVEVO,14.7,270663028,SonyMusicIndiaVEVO,Music,Music,22,17,2,Sep,2009,1300000,15100000,78600,943500,50,46600000,400000,3444,27286058807,314505000,55,0.858369099,7922781.303
Cuba,41.4,11333483,aefour,1.64,8739135,A4,Gaming,People,5359,99,11,Mar,2006,0,5,0,0,51,46300000,10,1,22936630813,94,4053056,2.16E-05,22936630813
El Salvador,29.4,6453553,Fernanfloo,4.11,4694702,Fernanfloo,Gaming,Games,3,1,2,May,2011,135400,1600000,8500,101500,53,46100000,200000,543,10323391593,33842000,419,0.433839479,19011770.89
India,28.1,1366417754,Voot Kids,5.36,471031528,Voot Kids,Entertainment,Entertainment,13,18,23,Nov,2016,936000,11200000,58500,702000,54,45500000,400000,4660,21388725229,233988000,105,0.879120879,4589855.199
Brazil,51.3,212559417,Felipe Neto,12.08,183241641,Felipe Neto,Entertainment,Entertainment,14,2,16,May,2006,521400,6300000,32600,391100,55,45200000,200000,4331,16602198273,130359000,174,0.442477876,3833340.631
Brazil,51.3,212559417,Voc√î√∏Œ©√î√∏Œ©√î√∏Œ©,12.08,183241641,Voc√î√∏Œ©√î√∏Œ©√î√∏Œ©,Entertainment,Entertainment,15,3,1,Sep,2013,192100,2300000,12000,144100,56,44700000,100000,1558,7828610828,48032000,681,0.223713647,5024782.303
Pakistan,9,216565318,HAR PAL GEO,4.45,79927762,HAR PAL GEO,Entertainment,Entertainment,15,1,2,Jan,2008,5300000,64200000,334300,4000000,57,44600000,1300000,100755,41139050371,1337000000,20,2.914798206,408307.78
United States,88.2,328239523,Katy Perry,14.7,270663028,Katy Perry,Music,Music,24,19,1,Jun,2008,537000,6400000,33600,402700,59,44200000,100000,128,25458952022,134242000,70,0.226244344,198898062.7
Philippines,35.5,108116615,ABS-CBN Entertainment,2.15,50975903,ABS-CBN Entertainment,People & Blogs,Entertainment,16,1,16,Jul,2008,706500,8500000,44200,529900,61,44200000,300000,193890,50292540392,176629000,16,0.678733032,259386.974
Colombia,55.3,50339443,Shakira,9.71,40827302,Shakira,People & Blogs,Howto,3,1,16,Oct,2005,1400000,17000000,88400,1100000,64,43500000,500000,326,27568757295,353412000,52,1.149425287,84566740.17
Russia,81.9,144373535,ÀùÀùÀùÀùÀùÀùÀùÀù ÀùÀù ÀùÀùÀùÀùÀùÀùÀùÀùÀùÀùÀùÀùÀùÀù,4.59,107683889,ÀùÀùÀùÀùÀùÀùÀùÀù ÀùÀù ÀùÀùÀùÀùÀùÀùÀùÀùÀùÀùÀùÀùÀùÀù,Film & Animation,Education,6,2,31,May,2011,1200000,14600000,75900,911300,65,43200000,300000,1478,36458726976,303780000,26,0.694444444,24667609.59
Pakistan,9,216565318,ARY Digital HD,4.45,79927762,ARY Digital HD,Entertainment,Entertainment,18,2,11,Jul,2016,4600000,55200000,287300,3400000,66,43200000,900000,109871,37939780685,1149000000,24,2.083333333,345312.054
India,28.1,1366417754,Speed Records,5.36,471031528,Speed Records,Music,Music,26,19,22,Nov,2012,639000,7700000,39900,479300,67,42500000,100000,10938,26820902622,159757000,62,0.235294118,2452084.716
United States,88.2,328239523,Masha and The Bear,14.7,270663028,Masha and The Bear,Shows,Film,5,20,17,Sep,2014,2700000,32200000,167600,2000000,68,42400000,1000000,1218,24519022988,670459000,74,2.358490566,20130560.75
Barbados,65.4,287025,Rihanna,10.33,89431,Rihanna,Entertainment,Music,27,1,6,Nov,2005,731700,8800000,45700,548800,70,41900000,100000,84,22477745835,182926000,98,0.238663484,267592212.3
India,28.1,1366417754,Ishtar Music,5.36,471031528,Ishtar Music,Trailers,Music,28,20,22,Sep,2005,723800,8700000,45200,542800,71,41400000,400000,4510,17608931161,180942000,155,0.966183575,3904419.326
Mexico,40.2,126014024,Kimberly Loaiza,3.42,102626859,Kimberly Loaiza,People & Blogs,People,1,2,16,Nov,2016,547000,6600000,34200,410200,72,41300000,400000,291,5603111948,136745000,1157,0.968523002,19254680.23
United States,88.2,328239523,Little Baby Bum - Nursery Rhymes & Kids Songs,14.7,270663028,Little Baby Bum - Nursery Rhymes & Kids Songs,Education,Education,7,22,22,Jun,2011,395100,4700000,24700,296300,73,40900000,100000,2423,39450824833,98775000,22,0.244498778,16281809.67
United Arab Emirates,36.8,9770529,shfa2 - √î√∏Œ©√î√∏Œ©,2.35,8479744,shfa2 - √î√∏Œ©√î√∏Œ©,People & Blogs,People,2,1,6,Nov,2017,990900,11900000,61900,743200,77,39700000,300000,1596,23884824160,247731000,81,0.755667506,14965428.67
India,28.1,1366417754,CarryMinati,5.36,471031528,CarryMinati,Comedy,Comedy,2,21,30,Oct,2014,314800,3800000,19700,236100,79,39200000,700000,186,3294013141,78688000,2487,1.785714286,17709748.07
United States,88.2,328239523,XXXTENTACION,14.7,270663028,XXXTENTACION,Music,Music,29,24,23,Jun,2015,233400,2800000,14600,175100,80,39200000,100000,133,10507474316,58362000,403,0.255102041,79003566.29
Canada,68.9,36991981,Super Simple Songs - Kids Songs,5.56,30628482,Super Simple Songs - Kids Songs,Education,Education,8,2,8,Sep,2006,2200000,26900000,140200,1700000,81,39200000,400000,744,44900897958,560756000,19,1.020408163,60350669.3
Spain,88.9,47076781,Mikecrack,13.96,37927409,Mikecrack,Gaming,Games,4,1,13,Jul,2015,1100000,12700000,66000,792300,82,39100000,800000,1876,16118181673,264108000,188,2.046035806,8591781.276
Thailand,49.3,69625582,WorkpointOfficial,0.75,35294600,WorkpointOfficial,Entertainment,Entertainment,24,1,5,Nov,2012,521800,6300000,32600,391400,83,39000000,200000,72580,36131228583,130461000,27,0.512820513,497812.4633
Brazil,51.3,212559417,GR6 EXPLODE,12.08,183241641,GR6 EXPLODE,Music,Music,30,6,5,Aug,2014,6500000,78500000,408700,4900000,84,38900000,100000,3043,25154232306,1635000000,73,0.257069409,8266261.027
United States,88.2,328239523,TEDx Talks,14.7,270663028,TEDx Talks,Nonprofits & Activism,Nonprofit,1,25,23,Jun,2009,182600,2200000,11400,136900,85,38600000,100000,200933,7339333120,45638000,768,0.259067358,36526.27055
Saudi Arabia,68,34268528,ÀùÀùÀùÀùÀùÀùÀùÀùÀùÀù ÀùÀùÀùÀùÀùÀù,5.93,28807838,shfa,People & Blogs,Games,1454,774,24,May,2018,6400,76300,397,4800,86,38400000,2000,982,21528116909,1589000,150882,0.005208333,21922725.98
India,28.1,1366417754,Goldmines Gaane Sune Ansune,5.36,471031528,Goldmines Gaane Sune Ansune,Music,Music,31,22,24,Aug,2015,3300000,39100000,203700,2400000,87,38300000,400000,3532,16718192386,814756000,170,1.044386423,4733350.053
United States,88.2,328239523,21 Savage,14.7,270663028,One Direction,Music,Music,2594,2904,26,Jun,2016,25,305,2,19,88,38200000,100,11,13598903820,6348,539848,0.00026178,1236263984
India,28.1,1366417754,Sony PAL,5.36,471031528,Sony PAL,Shows,Entertainment,25,23,9,May,2014,1700000,20000000,104000,1200000,90,38200000,500000,24089,28519339489,415914000,49,1.308900524,1183915.459
United States,88.2,328239523,Daddy Yankee,14.7,270663028,Daddy Yankee,Music,Music,33,27,16,May,2011,822400,9900000,51400,616800,91,38000000,100000,505,22731415608,205594000,92,0.263157895,45012704.17
United States,88.2,328239523,Like Nastya ESP,14.7,270663028,Like Nastya ESP,Entertainment,Entertainment,28,29,22,Apr,2017,1300000,15400000,80300,963100,93,37600000,700000,743,18208196857,321026000,145,1.861702128,24506321.48
Thailand,49.3,69625582,ÀùÀùÀùÀùÀùÀùÀùÀùÀùÀùÀùÀù one31,0.75,35294600,ÀùÀùÀùÀùÀùÀùÀùÀùÀùÀùÀùÀù one31,Entertainment,Entertainment,29,2,10,Jan,2013,563000,6800000,35200,422300,94,37500000,300000,117152,27262462114,140754000,56,0.8,232710.1724
India,28.1,1366417754,Jkk Entertainment,5.36,471031528,Jkk Entertainment,Comedy,Comedy,3,24,20,Mar,2017,199400,2400000,12500,149600,95,37200000,100000,220,16402066717,49861000,178,0.268817204,74554848.71
India,28.1,1366417754,ABP NEWS,5.36,471031528,ABP NEWS,People & Blogs,News,2,25,1,Jun,2012,1100000,12800000,66800,801200,96,37000000,400000,301308,13102611515,267060000,280,1.081081081,43485.77374
Brazil,51.3,212559417,Maria Clara & JP,12.08,183241641,Maria Clara & JP,People & Blogs,Entertainment,30,7,6,Sep,2015,1000000,12100000,62900,754300,97,37000000,300000,744,24188861917,251449000,75,0.810810811,32511911.18
United States,88.2,328239523,Bruno Mars,14.7,270663028,Bruno Mars,Music,Music,34,30,19,Sep,2006,701000,8400000,43800,525700,98,36700000,200000,99,19378155425,175243000,134,0.544959128,195738943.7
India,28.1,1366417754,Ultra Bollywood,5.36,471031528,Ultra Bollywood,Trailers,Entertainment,31,26,21,Oct,2009,0,0,0,0,100,36600000,200000,9168,15653786446,131462000,205,0.546448087,1707437.44
United States,88.2,328239523,YouTube,14.7,270663028,YouTube,News & Politics,Entertainment,5,32,1,Jan,1970,84400,1000000,5300,63300,102,36300000,300000,744,3010784935,21103000,2860,0.826446281,4046753.945
Argentina,90,44938712,La Granja de Zen√î√∏Œ©,9.79,41339571,La Granja de Zen√î√∏Œ©,Music,Music,37,2,6,Jun,2013,1200000,14500000,75500,906200,106,35700000,400000,654,27118354077,302071000,58,1.120448179,41465373.21
India,28.1,1366417754,Saregama Music,5.36,471031528,Saregama Music,Entertainment,Music,38,27,4,Jan,2013,2100000,25600000,133400,1600000,107,35500000,900000,7566,15657673422,533793000,199,2.535211268,2069478.38
India,28.1,1366417754,IndiaTV,5.36,471031528,IndiaTV,News & Politics,News,3,27,26,Aug,2006,1200000,14000000,72700,872500,108,35500000,600000,273255,16105023749,290847000,185,1.690140845,58937.70928
India,28.1,1366417754,T-Series Bollywood Classics,5.36,471031528,T-Series Bollywood Classics,Music,Music,39,28,2,Apr,2012,1300000,15900000,82900,994400,109,35400000,500000,2010,22637783517,331474000,94,1.412429379,11262578.86
United States,88.2,328239523,Markiplier,14.7,270663028,Markiplier,Gaming,Games,8,34,26,May,2012,509300,6100000,31800,382000,111,35200000,100000,5490,20297931219,127329000,119,0.284090909,3697255.231
United States,88.2,328239523,Ryan's World,14.7,270663028,Ryan's World,Entertainment,Entertainment,32,35,17,Mar,2015,954500,11500000,59700,715800,112,35200000,200000,2453,55299840198,238613000,15,0.568181818,22543758.74
United States,88.2,328239523,Genevieve's Playhouse - Learning Videos for √î√∏Œ©,14.7,270663028,Genevieve's Playhouse - Learning Videos for Kids,Education,Film,7,36,6,Jan,2016,1300000,16100000,83800,1000000,113,34900000,300000,617,25607397308,335307000,69,0.859598854,41503075.05
India,28.1,1366417754,Geet MP3,5.36,471031528,Geet MP3,Music,Music,41,31,22,Oct,2016,405400,4900000,25300,304100,116,34300000,100000,679,12746535822,101357000,299,0.29154519,18772512.26
Colombia,55.3,50339443,J Balvin,9.71,40827302,J Balvin,Music,Music,42,2,18,Feb,2011,514800,6200000,32200,386100,117,34100000,100000,141,23005313609,128696000,89,0.293255132,163158252.5
Indonesia,36.3,270203917,Jess No Limit,4.69,151509724,Jess No Limit,Entertainment,Entertainment,33,1,7,Sep,2017,2200000,26300000,136800,1600000,118,34000000,5500000,2284,3963007415,547141000,1882,16.17647059,1735117.082
India,28.1,1366417754,Jingle Toons,5.36,471031528,Jingle Toons,Film & Animation,Film,8,32,24,Jan,2013,719600,8600000,45000,539700,119,34000000,600000,240,11351015824,179903000,360,1.764705882,47295899.27
Brazil,51.3,212559417,Galinha Pintadinha,12.08,183241641,Galinha Pintadinha,Film & Animation,Film,9,8,30,Aug,2006,1600000,19400000,100900,1200000,121,33800000,200000,66,27274550757,403508000,54,0.591715976,413250769
United States,88.2,328239523,SSSniperWolf,14.7,270663028,SSSniperWolf,Gaming,Entertainment,35,37,20,Jan,2013,843800,10100000,52700,632900,122,33700000,200000,3366,23492684419,210955000,83,0.59347181,6979407.136
United States,88.2,328239523,Selena Gomez,14.7,270663028,Selena Gomez,Film & Animation,Music,43,38,8,Feb,2008,463200,5600000,28900,347400,124,33600000,200000,188,13013567335,115792000,288,0.595238095,69221102.85
India,28.1,1366417754,Rajshri,5.36,471031528,Rajshri,Music,Entertainment,36,34,24,Mar,2006,1100000,13100000,68100,816800,125,33500000,500000,3741,14864294792,272255000,222,1.492537313,3973347.98
Thailand,49.3,69625582,Ch3Thailand,0.75,35294600,Ch3Thailand,Entertainment,Entertainment,37,3,29,May,2014,0,0,0,0,126,33500000,100000,96214,29611914495,61307000,41,0.298507463,307771.369
India,28.1,1366417754,KHANDESHI MOVIES,5.36,471031528,KHANDESHI MOVIES,Comedy,Comedy,4,35,11,Nov,2013,98900,1200000,6200,74200,127,33500000,100000,217,11405809704,24736000,357,0.298507463,52561335.04
India,28.1,1366417754,CVS 3D Rhymes & Kids Songs,5.36,471031528,CVS 3D Rhymes & Kids Songs,Education,Education,9,35,26,Aug,2008,544300,6500000,34000,408300,129,33400000,200000,338,20269857567,136084000,120,0.598802395,59969992.8
Indonesia,36.3,270203917,Ricis Official,4.69,151509724,Ricis Official,People & Blogs,Entertainment,34,2,15,Jan,2016,628400,7500000,39300,471300,130,33300000,1900000,2736,5994136760,157101000,1043,5.705705706,2190839.459
United States,88.2,328239523,BabyBus - Kids Songs and Cartoons,14.7,270663028,BabyBus - Kids Songs and Cartoons,Education,Education,10,39,15,Jul,2016,510000,6100000,31900,382500,131,32800000,200000,2122,26355088167,127498000,64,0.609756098,12419928.45
India,28.1,1366417754,Mzaalo,5.36,471031528,Eros Now Music,Entertainment,Entertainment,838,730,14,Mar,2012,81100,972600,5100,60800,132,32700000,40000,1521,17853798780,20263000,8055,0.122324159,11738197.75
United States,88.2,328239523,DisneyMusicVEVO,14.7,270663028,DisneyMusicVEVO,Music,Music,45,40,20,May,2010,1300000,15800000,82500,989600,134,32700000,300000,2068,28516250629,329861000,50,0.917431193,13789289.47
Canada,68.9,36991981,The Weeknd,5.56,30628482,The Weeknd,Music,Music,45,3,25,Feb,2011,1500000,17900000,93500,1100000,135,32600000,200000,169,23379969006,373828000,85,0.613496933,138343011.9
Colombia,55.3,50339443,KAROL G,9.71,40827302,KAROL G,Music,Music,46,3,14,Mar,2013,1900000,22400000,116400,1400000,137,32100000,300000,134,18699145555,465647000,140,0.934579439,139545862.4
United Kingdom,60,66834405,Mr Bean,3.85,55908316,Mr Bean,Shows,Comedy,5,4,4,Jan,2006,226100,2700000,14100,169600,138,32100000,100000,3091,10602236110,56534000,400,0.31152648,3430034.329
India,28.1,1366417754,StarPlus,5.36,471031528,StarPlus,Entertainment,Entertainment,40,38,19,May,2006,6700000,80000000,416800,5000000,140,32000000,1200000,44892,26800674545,1667000000,60,3.75,597003.3535
Philippines,35.5,108116615,GMA  Network,2.15,50975903,GMA  Network,Entertainment,Entertainment,41,2,20,Nov,2006,3200000,38300000,199600,2400000,142,31900000,500000,93311,19428308461,798510000,129,1.567398119,208210.2695
India,28.1,1366417754,MR. INDIAN HACKER,5.36,471031528,MR. INDIAN HACKER,Science & Technology,Tech,1,40,21,Jun,2012,436500,5200000,27300,327400,144,31700000,500000,929,5711208484,109125000,1132,1.577287066,6147694.816
India,28.1,1366417754,Worldwide Records Bhojpuri,5.36,471031528,Worldwide Records Bhojpuri,Music,Music,48,39,15,Mar,2012,450600,5400000,28200,337900,145,31700000,200000,6518,16476978876,112648000,177,0.630914826,2527919.435
United States,88.2,328239523,DONA √î√∏Œ©√î√∏Œ©,14.7,270663028,DONA √î√∏Œ©√î√∏Œ©,Entertainment,Entertainment,42,41,5,Apr,2018,613100,7400000,38300,459800,146,31700000,200000,166,21031745531,153280000,110,0.630914826,126697262.2
United States,88.2,328239523,Dream,14.7,270663028,Dream,Gaming,Games,12,41,8,Feb,2014,108100,1300000,6800,81100,147,31700000,200000,116,2930015381,27022000,2986,0.630914826,25258753.28
United States,88.2,328239523,Lucas and Marcus,14.7,270663028,Lucas and Marcus,Entertainment,Entertainment,43,42,19,Jan,2011,1200000,15000000,78000,936300,148,31600000,400000,1321,11615848291,312099000,339,1.265822785,8793223.536
United Kingdom,60,66834405,Peppa Pig - Official Channel,3.85,55908316,Peppa Pig - Official Channel,Film & Animation,Education,11,5,9,Oct,2013,979700,11800000,61200,734800,151,31400000,300000,3589,22919271731,244925000,91,0.955414013,6385977.077
Venezuela,79.3,28515829,YOLO AVENTURAS,8.8,25162368,YOLO AVENTURAS,People & Blogs,Comedy,2270,522,16,Dec,2018,14,172,0,11,152,31200000,100,65,9673649438,3589,3361188,0.000320513,148825376
United States,88.2,328239523,The Tonight Show Starring Jimmy Fallon,14.7,270663028,The Tonight Show Starring Jimmy Fallon,Comedy,Comedy,6,44,8,Jan,2006,0,0,0,0,153,31200000,100000,8976,17111726160,22511000,166,0.320512821,1906386.604
Argentina,90,44938712,TheDonato,9.79,41339571,TheDonato,Entertainment,Games,12,3,17,Feb,2015,762700,9200000,47700,572000,154,31200000,1900000,3027,6187804950,190679000,997,6.08974359,2044203.816
United States,88.2,328239523,ImagineDragons,14.7,270663028,ImagineDragons,Music,Music,50,45,3,Aug,2009,755300,9100000,47200,566500,155,30700000,100000,92,16793072362,188837000,169,0.325732899,182533395.2
India,28.1,1366417754,Round2hell,5.36,471031528,Round2hell,Comedy,Entertainment,45,41,20,Oct,2016,127300,1500000,8000,95500,157,30700000,300000,67,3145161634,31822000,2687,0.977198697,46942710.96
India,28.1,1366417754,Zee News,5.36,471031528,Zee News,News & Politics,News,4,41,19,Jun,2007,1800000,22200000,115400,1400000,158,30500000,600000,180092,16709857823,461472000,168,1.967213115,92785.11996
Kuwait,54.4,4207083,AboFlah,2.18,4207083,AboFlah,Gaming,Entertainment,7,1,28,Jul,2016,631600,7600000,39500,473700,159,30500000,1300000,641,4521573939,157908000,1573,4.262295082,7053937.502
United Kingdom,60,66834405,Adele,3.85,55908316,Adele,Music,Music,53,6,4,Apr,2008,548400,6600000,34300,411300,164,30200000,100000,15,14199108016,137099000,248,0.331125828,946607201.1
Jordan,34.4,10101694,ÀùÀùÀùÀùÀùÀùÀùÀù ÀùÀùÀùÀùÀùÀùÀùÀù ÀùÀùÀùÀùÀùÀùÀùÀùÀùÀù | toyoraljanahtv,14.72,9213048,ÀùÀùÀùÀùÀùÀùÀùÀù ÀùÀùÀùÀùÀùÀùÀùÀù ÀùÀùÀùÀùÀùÀùÀùÀùÀùÀù | toyoraljanahtv,Entertainment,Music,52,1,24,Nov,2008,465700,5600000,29100,349300,166,30200000,100000,3254,27684955537,116434000,51,0.331125828,8507976.502
Netherlands,85,17332850,Spinnin' Records,3.2,15924729,Spinnin' Records,Music,Music,54,1,12,Jul,2007,400200,4800000,25000,300100,168,30100000,100000,11501,19607009165,100040000,127,0.332225914,1704809.074
India,28.1,1366417754,ashish chanchlani vines,5.36,471031528,ashish chanchlani vines,Comedy,Comedy,8,42,6,Jul,2009,104700,1300000,6500,78500,172,29800000,100000,151,4457913639,26171000,1622,0.33557047,29522606.88
United States,88.2,328239523,Zhong,14.7,270663028,Zhong,Entertainment,Entertainment,48,51,19,Jan,2015,0,0,0,0,176,29200000,1000000,1513,14727238483,180519000,230,3.424657534,9733799.394
Brazil,51.3,212559417,Enaldinho,12.08,183241641,Enaldinho,Comedy,Games,15,10,7,Nov,2012,1200000,14500000,75800,909300,177,29200000,1000000,3654,11627437847,303100000,338,3.424657534,3182112.164
India,28.1,1366417754,infobells - Tamil,5.36,471031528,infobells - Tamil,Education,Education,13,44,13,Mar,2014,439300,5300000,27500,329500,180,28900000,200000,555,17930570614,109828000,149,0.692041522,32307334.44
India,28.1,1366417754,Aditya Movies,5.36,471031528,Aditya Movies,Movies,Film,11,45,23,Feb,2012,909400,10900000,56800,682100,183,28400000,500000,5436,10062770060,227355000,432,1.76056338,1851135.037
India,28.1,1366417754,infobells - Telugu,5.36,471031528,infobells - Telugu,Education,Education,14,45,13,Mar,2014,1200000,13800000,72000,864300,185,28300000,800000,505,14814192034,288110000,223,2.826855124,29335033.73
Pakistan,9,216565318,HUM TV,4.45,79927762,HUM TV,Entertainment,Entertainment,49,3,25,May,2011,2700000,32900000,171200,2100000,186,28300000,700000,106983,23844936965,684860000,80,2.473498233,222885.2899
India,28.1,1366417754,Shemaroo Movies,5.36,471031528,Shemaroo Movies,Entertainment,Film,13,46,1,Mar,2011,739900,8900000,46200,554900,187,28200000,500000,3009,7600740993,184966000,721,1.773049645,2526002.324
United States,88.2,328239523,Michael Jackson,14.7,270663028,Michael Jackson,Music,Music,59,54,22,Jun,2005,634400,7600000,39600,475800,188,28200000,200000,15,14412474625,158591000,242,0.709219858,960831641.7
Colombia,55.3,50339443,toycantando,9.71,40827302,toycantando,Music,Music,62,4,7,Jul,2009,695300,8300000,43500,521500,193,27700000,200000,619,15777682516,173836000,197,0.722021661,25488986.29
United States,88.2,328239523,Wiz Khalifa,14.7,270663028,Wiz Khalifa,Music,Music,63,57,9,May,2008,361800,4300000,22600,271300,195,27500000,100000,682,13379395501,90450000,275,0.363636364,19617881.97
South Korea,94.3,51709098,JYP Entertainment,4.15,42106719,JYP Entertainment,Music,Music,64,4,25,Jan,2008,1200000,14800000,76900,922900,196,27400000,200000,1753,19883150017,307631000,124,0.729927007,11342355.97
United States,88.2,328239523,ÀùÀùÀù Kids Roma Show,14.7,270663028,ÀùÀùÀù Kids Roma Show,People & Blogs,Entertainment,50,58,12,May,2015,703400,8400000,44000,527500,197,27400000,400000,642,10336420490,175844000,418,1.459854015,16100343.44
United Kingdom,60,66834405,DanTDM,3.85,55908316,DanTDM,Gaming,Games,16,7,14,Jul,2012,314700,3800000,19700,236000,198,27400000,500000,3664,19417887510,78668000,132,1.824817518,5299641.788
United States,88.2,328239523,Nick Jr.,14.7,270663028,Nick Jr.,Film & Animation,Entertainment,51,59,27,Sep,2012,170200,2000000,10600,127600,199,27300000,200000,5438,22440611155,42546000,100,0.732600733,4126629.488
India,28.1,1366417754,Crazy XYZ,5.36,471031528,Crazy XYZ,Entertainment,Tech,2,48,10,Sep,2017,408900,4900000,25600,306700,200,27300000,100000,1259,7705492350,102235000,707,0.366300366,6120327.522
India,28.1,1366417754,Dushyant kukreja,5.36,471031528,Dushyant kukreja,Entertainment,Entertainment,52,49,26,Sep,2015,1700000,20600000,107400,1300000,202,27100000,700000,889,17318452893,429692000,159,2.58302583,19480824.4
United States,88.2,328239523,Brent Rivera,14.7,270663028,Brent Rivera,Comedy,Entertainment,53,60,1,Aug,2009,577800,6900000,36100,433400,204,27000000,300000,554,6570935979,144453000,909,1.111111111,11860895.27
Brazil,51.3,212559417,Renato Garcia YT,12.08,183241641,Renato Garcia YT,Entertainment,Entertainment,54,11,29,Sep,2011,331600,4000000,20700,248700,205,26900000,200000,3956,7938616641,82912000,664,0.743494424,2006728.17
United States,88.2,328239523,Beast Reacts,14.7,270663028,Beast Reacts,People & Blogs,Entertainment,54,61,24,Apr,2016,1100000,13300000,69000,828600,206,26700000,1200000,241,4388047013,276187000,1632,4.494382022,18207663.95
United States,88.2,328239523,Netflix,14.7,270663028,Netflix,Entertainment,Entertainment,55,62,17,Jul,2012,472900,5700000,29600,354700,208,26700000,200000,6471,7173668905,118226000,797,0.74906367,1108587.375
Philippines,35.5,108116615,Raffy Tulfo in Action,2.15,50975903,Raffy Tulfo in Action,News & Politics,News,5,3,20,Apr,2016,652500,7800000,40800,489400,209,26500000,300000,10022,15065753455,163130000,219,1.132075472,1503268.156
India,28.1,1366417754,Goldmines Bollywood,5.36,471031528,Goldmines Bollywood,Film & Animation,Film,15,50,22,Jul,2015,398700,4800000,24900,299000,211,26400000,400000,3622,8595760553,99677000,588,1.515151515,2373208.325
United States,88.2,328239523,Alan Chikin Chow,14.7,270663028,Alan Chikin Chow,Comedy,Comedy,12,63,3,Feb,2020,4200000,50200000,261500,3100000,212,26400000,1300000,865,27006526665,1046000000,61,4.924242424,31221418.11
Italy,61.9,60297396,PANDA BOI,9.89,42651966,PANDA BOI,Entertainment,Entertainment,55,1,5,Dec,2020,4900000,58800000,306400,3700000,213,26400000,2000000,967,17211600007,1225000000,158,7.575757576,17798965.88
Japan,63.2,126226568,Junya.√î√∏Œ©√î√∏Œ©√î√∏Œ©√î√∏Œ©,2.29,115782416,Junya.√î√∏Œ©√î√∏Œ©√î√∏Œ©√î√∏Œ©,Entertainment,Entertainment,56,2,14,Sep,2020,2900000,34600000,180500,2200000,216,26200000,1100000,5985,16097531087,721848000,184,4.198473282,2689645.963
United States,88.2,328239523,Smosh,14.7,270663028,Smosh,Comedy,Comedy,13,65,19,Nov,2005,272600,3300000,17000,204500,217,26100000,400000,1619,10435474336,68156000,410,1.53256705,6445629.608
Indonesia,36.3,270203917,Indosiar,4.69,151509724,Indosiar,Music,Entertainment,60,5,23,Sep,2013,920700,11000000,57500,690500,222,25900000,600000,65286,11372071889,230183000,358,2.316602317,174188.5226
United States,88.2,328239523,David Guetta,14.7,270663028,David Guetta,Music,Music,67,67,11,Dec,2009,656900,7900000,41100,492600,224,25700000,100000,749,17793809548,164215000,153,0.389105058,23756755.07
United States,88.2,328239523,Nicki Minaj,14.7,270663028,Nicki Minaj,Music,Music,67,67,28,Aug,2013,414500,5000000,25900,310900,226,25700000,100000,42,10242981063,103631000,425,0.389105058,243880501.5
United States,88.2,328239523,TaylorSwiftVEVO,14.7,270663028,TaylorSwiftVEVO,Music,Music,68,68,12,May,2009,1300000,15300000,79600,955800,228,25600000,100000,287,25592378292,318593000,67,0.390625,89172049.8
United States,88.2,328239523,Post Malone,14.7,270663028,Post Malone,Music,Music,69,69,15,Dec,2011,782000,9400000,48900,586500,230,25500000,100000,78,14401218086,195499000,243,0.392156863,184631001.1
Indonesia,36.3,270203917,Rans Entertainment,4.69,151509724,Rans Entertainment,People & Blogs,Entertainment,62,6,27,Dec,2015,233900,2800000,14600,175500,231,25400000,100000,3716,6430853035,58487000,942,0.393700787,1730584.778
United States,88.2,328239523,LankyBox,14.7,270663028,LankyBox,Comedy,Games,18,69,30,Jul,2016,3300000,39100000,203800,2400000,232,25400000,600000,8775,34300482066,815341000,29,2.362204724,3908886.845
United Kingdom,60,66834405,Coldplay,3.85,55908316,Coldplay,Music,Music,70,8,3,Jan,2010,795500,9500000,49700,596600,233,25300000,100000,398,17331663193,198875000,160,0.395256917,43546892.44
United States,88.2,328239523,WB Kids,14.7,270663028,WB Kids,People & Blogs,Film,16,70,31,Mar,2015,561300,6700000,35100,421000,235,25200000,300000,2025,11081602368,140319000,375,1.19047619,5472396.231
India,28.1,1366417754,The Lallantop,5.36,471031528,The Lallantop,News & Politics,News,6,52,23,Mar,2015,1100000,13100000,68500,821800,238,25200000,300000,51129,10409352249,273920000,408,1.19047619,203589.9832
Indonesia,36.3,270203917,TRANS7 OFFICIAL,4.69,151509724,TRANS7 OFFICIAL,Entertainment,Entertainment,64,7,4,Sep,2014,492800,5900000,30800,369600,241,25000000,100000,89179,14169516119,123189000,251,0.4,158888.484
Colombia,55.3,50339443,Anuel AA,9.71,40827302,Anuel AA,Music,Music,73,6,8,Sep,2016,1100000,13600000,71000,852400,242,25000000,300000,147,14827085149,284144000,225,1.2,100864524.8
United Kingdom,60,66834405,Dan Rhodes,3.85,55908316,Dan Rhodes,Entertainment,Entertainment,66,9,30,Oct,2015,1300000,15900000,83000,995700,243,24800000,500000,1644,17387583720,331889000,157,2.016129032,10576389.12
United States,88.2,328239523,America's Got Talent,14.7,270663028,America's Got Talent,Entertainment,Entertainment,65,72,29,Jun,2006,537600,6500000,33600,403200,245,24800000,400000,1894,3699352704,134412000,2122,1.612903226,1953195.725
United States,88.2,328239523,EminemVEVO,14.7,270663028,EminemVEVO,Music,Music,74,73,12,May,2009,557800,6700000,34900,418300,247,24700000,100000,104,20531704527,139443000,115,0.4048583,197420235.8
United States,88.2,328239523,KatyPerryVEVO,14.7,270663028,KatyPerryVEVO,Music,Music,75,74,13,Dec,2009,355800,4300000,22200,266800,249,24600000,100000,175,23755792542,88940000,82,0.406504065,135747386
United States,88.2,328239523,Mark Rober,14.7,270663028,Mark Rober,Science & Technology,Tech,3,74,20,Oct,2011,354500,4300000,22200,265900,250,24600000,200000,120,3647987299,88625000,2178,0.81300813,30399894.16
United States,88.2,328239523,Like Nastya AE,14.7,270663028,Like Nastya AE,Entertainment,Entertainment,68,75,19,Dec,2018,679500,8200000,42500,509600,252,24400000,400000,658,12385924995,169865000,312,1.639344262,18823594.22
India,28.1,1366417754,Pen Movies,5.36,471031528,Pen Movies,Film & Animation,Film,17,53,25,Mar,2014,379400,4600000,23700,284600,254,24300000,300000,1667,6608773195,94853000,903,1.234567901,3964471.023
Mexico,40.2,126014024,MrBeast en Espa√î√∏Œ©√î,3.42,102626859,MrBeast en Espa√î√∏Œ©√î,Entertainment,Entertainment,70,10,9,Jul,2021,134400,1600000,8400,100800,255,24200000,100000,67,2700914170,33590000,3309,0.41322314,40312151.79
Argentina,90,44938712,Alejo Igoa,9.79,41339571,Alejo Igoa,Comedy,Entertainment,71,4,17,Jan,2014,1600000,19300000,100400,1200000,258,24100000,600000,802,10999000479,401512000,376,2.489626556,13714464.44
Turkey,23.9,83429615,netd m√î√∏Œ©√î√∏,13.49,63097818,netd m√î√∏Œ©√î√∏,Music,Music,76,2,23,Jan,2014,1700000,20400000,106200,1300000,260,24100000,200000,23491,56106087508,424815000,14,0.829875519,2388407.795
Brazil,51.3,212559417,Spider Slack,12.08,183241641,Spider Slack,Comedy,Comedy,14,13,18,May,2020,3000000,36500000,190400,2300000,264,24000000,1100000,901,13943030228,761451000,252,4.583333333,15475061.3
United States,88.2,328239523,Preston,14.7,270663028,Preston,Gaming,Entertainment,72,78,4,Jul,2012,606800,7300000,37900,455100,266,24000000,200000,4009,8279004442,151697000,621,0.833333333,2065104.625
United States,88.2,328239523,James Charles,14.7,270663028,James Charles,Entertainment,Entertainment,73,79,1,Dec,2015,232500,2800000,14500,174400,267,23900000,100000,505,4067878931,58126000,1860,0.418410042,8055205.804
United States,88.2,328239523,Diana and Roma EN,14.7,270663028,Diana and Roma EN,People & Blogs,Entertainment,73,79,22,Dec,2011,711100,8500000,44400,533300,269,23900000,300000,511,7213499085,177769000,787,1.255230126,14116436.57
United States,88.2,328239523,Troom Troom,14.7,270663028,Troom Troom,Howto & Style,Howto,8,80,12,Sep,2015,392200,4700000,24500,294200,271,23800000,100000,2425,10414479943,98052000,412,0.420168067,4294630.904
United States,88.2,328239523,Enrique Iglesias,14.7,270663028,Enrique Iglesias,Music,Music,77,80,12,Apr,2007,491700,5900000,30700,368700,272,23800000,100000,443,17688774915,122914000,154,0.420168067,39929514.48
United States,88.2,328239523,That Little Puff,14.7,270663028,That Little Puff,Pets & Animals,Animals,1,81,29,Aug,2020,3000000,36200000,188800,2300000,276,23700000,1100000,769,20289689389,755054000,118,4.641350211,26384511.56
Mexico,40.2,126014024,Juan De Dios Pantoja,3.42,102626859,Juan De Dios Pantoja,Entertainment,People,10,11,9,Jun,2014,187400,2200000,11700,140600,278,23600000,200000,226,2135644776,46862000,4529,0.847457627,9449755.646
United States,88.2,328239523,Maya and Mary,14.7,270663028,Maya and Mary,Entertainment,Entertainment,75,82,30,Aug,2013,178200,2100000,11100,133600,280,23600000,400000,552,6766461070,44542000,883,1.694915254,12258081.65
United Kingdom,60,66834405,Peppa Pig Espa√î√∏Œ©√î√∏Œ©√î√∏Œ©√î√∏Œ©√î√∏Œ©√î√∏Œ©√î√∏Œ©√î√∏Œ©√î√∏Œ©,3.85,55908316,Peppa Pig Espa√î√∏Œ©√î√∏Œ©√î√∏Œ©√î√∏Œ©√î√∏Œ©√î√∏Œ©√î√∏Œ©√î√∏Œ©√î√∏Œ©,Film & Animation,Film,19,12,28,Jul,2014,214400,2600000,13400,160800,281,23600000,100000,1251,7920637200,53589000,668,0.423728814,6331444.604
India,28.1,1366417754,Tilak,5.36,471031528,Tilak,Film & Animation,Film,20,56,10,Oct,2020,1500000,17600000,91800,1100000,284,23400000,900000,6672,9465863821,367347000,493,3.846153846,1418744.577
United States,88.2,328239523,Sesame Street,14.7,270663028,Sesame Street,Entertainment,Entertainment,78,83,16,Jan,2006,496700,6000000,31000,372600,286,23300000,100000,3657,22471357411,124187000,99,0.429184549,6144751.821
United States,88.2,328239523,Happy Lives,14.7,270663028,Happy Lives,Science & Technology,Entertainment,79,84,15,Mar,2016,0,0,0,0,287,23200000,100000,1,2634,6589000000,4053372,0.431034483,2634
United States,88.2,328239523,Lady Gaga,14.7,270663028,Lady Gaga,People & Blogs,Music,79,83,15,May,2008,572700,6900000,35800,429500,288,23200000,100000,172,15751661213,143169000,198,0.431034483,91579425.66
India,28.1,1366417754,Wave Music Bhojpuri,5.36,471031528,Wave Music Bhojpuri,Music,Music,81,59,10,Aug,2014,210700,2500000,13200,158000,290,23100000,100000,22578,12889240875,52678000,293,0.432900433,570876.1128
United States,88.2,328239523,TED,14.7,270663028,TED,People & Blogs,Tech,4,85,6,Dec,2006,53000,635800,3300,39700,292,23100000,100000,4445,2551113422,13246000,3568,0.432900433,573928.7789
India,28.1,1366417754,unknown boy varun,5.36,471031528,unknown boy varun,Music,Music,80,58,27,Sep,2016,1200000,14600000,76000,912100,293,23100000,700000,456,9299371231,304021000,506,3.03030303,20393357.96
United States,88.2,328239523,Kids TV - Nursery Rhymes And Baby Songs,14.7,270663028,Kids TV - Nursery Rhymes And Baby Songs,Shows,Music,81,85,30,Aug,2013,513800,6200000,32100,385300,294,23100000,700000,3781,13151870846,128448000,282,3.03030303,3478410.697
Germany,70.2,83132799,Tsuriki Show,3.04,64324835,Tsuriki Show,Entertainment,Comedy,15,1,10,Jul,2019,3000000,36300000,189200,2300000,295,23000000,800000,2905,31494513067,756717000,34,3.47826087,10841484.7
Argentina,90,44938712,DrossRotzank,9.79,41339571,DrossRotzank,Entertainment,Entertainment,80,5,9,Mar,2006,142200,1700000,8900,106600,297,23000000,100000,1598,6041264489,35539000,1040,0.434782609,3780515.951
India,28.1,1366417754,White Hill Music,5.36,471031528,White Hill Music,Entertainment,Music,82,60,23,Mar,2014,372700,4500000,23300,279500,298,23000000,100000,5718,10939966484,93183000,382,0.434782609,1913250.522
India,28.1,1366417754,Ultra Movie Parlour,5.36,471031528,Ultra Movie Parlour,Movies,Film,22,61,17,May,2011,0,0,0,0,299,22900000,300000,1670,5320485069,118846000,1248,1.310043668,3185919.203
Jordan,34.4,10101694,toyorbabytv,14.72,9213048,toyorbabytv,Music,Music,83,2,1,Nov,2012,676200,8100000,42300,507200,301,22900000,300000,1159,16298342829,169056000,181,1.310043668,14062418.32
Mexico,40.2,126014024,BabyBus - Canciones Infantiles & Videos para√î√∏Œ©,3.42,102626859,BabyBus - Canciones Infantiles & Videos para Ni√î√∏Œ©√î,Education,Education,17,12,19,Mar,2018,547300,6600000,34200,410500,302,22900000,200000,1251,13206471140,136821000,278,0.873362445,10556731.53
United States,88.2,328239523,Vania Mania Kids,14.7,270663028,Vania Mania Kids,People & Blogs,Education,18,87,9,Sep,2015,620900,7500000,38800,465600,304,22700000,300000,985,10115316784,155215000,438,1.321585903,10269357.14
India,28.1,1366417754,Sun TV,5.36,471031528,Sun TV,People & Blogs,Entertainment,82,63,26,Feb,2016,3900000,47100000,245600,2900000,306,22600000,600000,60964,20847038152,982238000,109,2.654867257,341956.5342
India,28.1,1366417754,Heroindori,5.36,471031528,Heroindori,Comedy,Entertainment,81,62,29,Jun,2020,1600000,19200000,99800,1200000,307,22600000,1400000,495,9223534599,399152000,508,6.194690265,18633403.23
United States,88.2,328239523,The Chainsmokers,14.7,270663028,The Chainsmokers,Music,Music,84,88,22,Sep,2012,326600,3900000,20400,245000,308,22600000,100000,180,14231943358,81660000,246,0.442477876,79066351.99
Saudi Arabia,68,34268528,mmoshaya,5.93,28807838,mmoshaya,People & Blogs,Entertainment,83,1,11,Dec,2010,295300,3500000,18500,221500,309,22600000,100000,1189,17507060680,73829000,156,0.442477876,14724188.97
United States,88.2,328239523,LeoNata Family,14.7,270663028,LeoNata Family,People & Blogs,People,11,87,28,Sep,2021,4700000,56300000,293500,3500000,311,22600000,1300000,2321,27084848152,1174000000,57,5.752212389,11669473.57
India,28.1,1366417754,Goldmines Cineplex,5.36,471031528,Goldmines Cineplex,Film & Animation,Film,23,64,12,Sep,2015,195000,2300000,12200,146200,312,22500000,200000,3377,2431154438,48740000,3793,0.888888889,719915.4391
United States,88.2,328239523,SSundee,14.7,270663028,SSundee,Gaming,Games,21,90,28,Nov,2009,700400,8400000,43800,525300,314,22500000,200000,3315,13835173331,175094000,261,0.888888889,4173506.284
France,65.6,67059887,SMILE Family,8.43,54123364,Smile Family,People & Blogs,Music,4509,3046,3,Nov,2019,3,35,0,2,316,22300000,10,34,8663830163,735,3805801,4.48E-05,254818534.2
United States,88.2,328239523,FGTeeV,14.7,270663028,FGTeeV,Gaming,Games,22,91,24,May,2013,528400,6300000,33000,396300,317,22300000,100000,1724,24059336857,132110000,77,0.448430493,13955531.82
United States,88.2,328239523,Kinder Spielzeug Kanal (Kidibli),14.7,270663028,Kinder Spielzeug Kanal (Kidibli),Entertainment,Entertainment,86,92,25,Sep,2015,557300,6700000,34800,418000,318,22200000,200000,999,11136266461,139333000,370,0.900900901,11147413.87
United States,88.2,328239523,Charlie Puth,14.7,270663028,Charlie Puth,Music,Music,86,94,9,Sep,2009,446000,5400000,27900,334500,319,22000000,100000,157,9924807127,111500000,449,0.454545455,63215332.02
Japan,63.2,126226568,Sagawa /√î√∏Œ©√î√∏Œ©√î√∏Œ©,2.29,115782416,Sagawa /√î√∏Œ©√î√∏Œ©√î√∏Œ©,Entertainment,Entertainment,88,3,13,Feb,2021,2800000,34100000,177800,2100000,321,22000000,800000,6274,18347969186,711254000,144,3.636363636,2924445.2
United States,88.2,328239523,Ben Azelart,14.7,270663028,Ben Azelart,Film & Animation,Entertainment,88,94,5,Jun,2014,739800,8900000,46200,554800,322,21900000,500000,301,4454917643,184946000,1620,2.283105023,14800390.84
United States,88.2,328239523,Zach Choi ASMR,14.7,270663028,Zach Choi ASMR,People & Blogs,People,12,94,5,Jul,2014,936900,11200000,58600,702700,323,21900000,400000,946,5918314128,234222000,1069,1.826484018,6256146.013
United States,88.2,328239523,Topper Guild,14.7,270663028,Topper Guild,Comedy,Comedy,16,91,9,Jul,2014,2700000,33000000,171800,2100000,324,21900000,1900000,816,15552070846,687028000,204,8.675799087,19058910.35
United States,88.2,328239523,Stokes Twins,14.7,270663028,Stokes Twins,People & Blogs,People,13,95,11,Apr,2008,791800,9500000,49500,593900,326,21800000,600000,257,4469711607,197953000,1610,2.752293578,17391873.96
United States,88.2,328239523,National Geographic,14.7,270663028,National Geographic,Science & Technology,Entertainment,89,95,7,May,2006,183200,2200000,11500,137400,327,21800000,100000,10162,5614621131,45812000,1158,0.458715596,552511.428
United Kingdom,60,66834405,Dua Lipa,3.85,55908316,Dua Lipa,Music,Music,87,14,5,Feb,2011,512200,6100000,32000,384100,328,21800000,100000,164,11288359365,128047000,368,0.458715596,68831459.54
Brazil,51.3,212559417,DUDU e CAROL,12.08,183241641,DUDU e CAROL,Autos & Vehicles,Entertainment,90,15,2,Mar,2013,772700,9300000,48300,579500,334,21600000,300000,2942,9597894786,193174000,481,1.388888889,3262370.763
India,28.1,1366417754,Village Cooking Channel,5.36,471031528,Village Cooking Channel,Howto & Style,Howto,9,66,25,Apr,2018,778400,9300000,48700,583800,335,21600000,400000,219,5863377051,194604000,1082,1.851851852,26773411.19
United States,88.2,328239523,Tekashi 6ix9ine,14.7,270663028,Tekashi 6ix9ine,People & Blogs,Music,88,96,6,Apr,2018,454200,5400000,28400,340600,337,21500000,200000,51,5890180734,113542000,1081,0.930232558,115493739.9
Chile,88.5,18952038,INVICTOR,7.09,16610135,invictor,Gaming,People,7518,2889,26,Jul,2016,0,2,0,0,340,21500000,4,17,8409641722,49,4038708,1.86E-05,494684807.2
India,28.1,1366417754,Sidhu Moose Wala,5.36,471031528,Sidhu Moose Wala,Music,Music,89,67,30,Oct,2017,642800,7700000,40200,482100,342,21400000,500000,114,6264261757,160690000,987,2.336448598,54949664.54
United States,88.2,328239523,The Royalty Family,14.7,270663028,The Royalty Family,People & Blogs,People,15,98,13,Apr,2017,640900,7700000,40100,480700,343,21300000,200000,733,6269945014,160227000,982,0.938967136,8553813.116
United States,88.2,328239523,Becky G,14.7,270663028,Becky G,Music,Music,90,98,6,Sep,2011,412700,5000000,25800,309500,344,21300000,100000,78,10644857969,103171000,396,0.469483568,136472538.1
India,28.1,1366417754,Ishaan Ali 11,5.36,471031528,Ishaan Ali 11,People & Blogs,People,16,68,27,Jul,2016,2900000,35000000,182400,2200000,345,21300000,1600000,951,12761253839,729409000,301,7.511737089,13418773.75
United States,88.2,328239523,Infinite,14.7,270663028,Infinite,Entertainment,Entertainment,93,98,21,Aug,2014,273400,3300000,17100,205100,346,21300000,200000,1608,5141834668,68350000,1296,0.938967136,3197658.376
India,28.1,1366417754,Azhan5star,5.36,471031528,Azhan5star,Entertainment,Entertainment,92,67,2,Feb,2021,945200,11300000,59100,708900,347,21300000,600000,669,10047736580,236293000,436,2.816901408,15019038.24
India,28.1,1366417754,Dangal TV Channel,5.36,471031528,Dangal TV Channel,Entertainment,Entertainment,92,67,2,Aug,2017,2200000,26900000,140300,1700000,348,21300000,700000,20225,12895427184,561020000,291,3.286384977,637598.3775
Philippines,35.5,108116615,GMA Public  Affairs,2.15,50975903,GMA Public  Affairs,Entertainment,News,7,4,8,Aug,2009,569300,6800000,35600,427000,350,21200000,200000,31989,11364908616,142317000,359,0.943396226,355275.5202
Indonesia,36.3,270203917,Baim Paula,4.69,151509724,Baim Paula,People & Blogs,Entertainment,94,8,4,Jun,2016,107900,1300000,6700,80900,352,21100000,100000,2325,4526271677,26974000,1583,0.473933649,1946783.517
Brazil,51.3,212559417,Rafa & Luiz,12.08,183241641,Rafa & Luiz,Entertainment,Entertainment,94,16,26,Aug,2015,473600,5700000,29600,355200,354,21000000,400000,2883,7762905663,118410000,695,1.904761905,2692648.513
United States,88.2,328239523,Lyrical Lemonade,14.7,270663028,Lyrical Lemonade,Entertainment,Entertainment,95,100,25,Mar,2013,320200,3800000,20000,240200,355,21000000,100000,420,10631638628,80062000,398,0.476190476,25313425.3
India,28.1,1366417754,Dr. Vivek Bindra: Motivational Speaker,5.36,471031528,Dr. Vivek Bindra: Motivational Speaker,Education,Education,20,69,6,Dec,2013,114400,1400000,7100,85800,357,20900000,100000,896,1693149479,28588000,6082,0.4784689,1889675.758
Brazil,51.3,212559417,Fatos Desconhecidos,12.08,183241641,Fatos Desconhecidos,Entertainment,Entertainment,96,17,26,Sep,2013,209300,2500000,13100,157000,358,20900000,100000,6262,3828000587,52330000,2033,0.4784689,611306.3857
United States,88.2,328239523,Brave Wilderness,14.7,270663028,Brave Wilderness,Pets & Animals,Animals,2,100,8,Sep,2014,0,0,0,0,359,20900000,100000,982,4927879069,2989000,1396,0.4784689,5018206.791
United States,88.2,328239523,LIV Crime,14.7,270663028,LIV Crime,People & Blogs,People,17,100,18,Aug,2020,1500000,18400000,95900,1200000,360,20900000,600000,9850,11058049885,383700000,372,2.870813397,1122644.658
Germany,70.2,83132799,Kurzgesagt √î√∏Œ©√î√∏Œ©√î√∏Œ©√î√∏Œ©√î√∏Œ©√î√∏,3.04,64324835,Kurzgesagt √î√∏Œ©√î√∏Œ©√î√∏Œ©√î√∏Œ©√î√∏Œ©√î√∏,Education,Education,21,2,9,Jul,2013,117100,1400000,7300,87800,364,20800000,100000,193,2378448129,29269000,3914,0.480769231,12323565.44
United States,88.2,328239523,Yoeslan,14.7,270663028,Yoeslan,Entertainment,Entertainment,96,101,26,Sep,2020,3500000,42000000,218700,2600000,365,20700000,1000000,619,17963202261,874796000,146,4.830917874,29019712.86
Russia,81.9,144373535,tuzelity SHUFFLE,4.59,107683889,tuzelity SHUFFLE,People & Blogs,People,18,3,26,Oct,2015,2200000,26500000,138100,1700000,368,20700000,1600000,889,8658941531,552266000,570,7.729468599,9740091.711
Indonesia,36.3,270203917,deddycorbuzier,4.69,151509724,Deddy Corbuzier,Entertainment,Entertainment,6217,4044,23,Jul,2007,0,4,0,0,370,20600000,1,15,4956090094,85,3539124,4.85E-06,330406006.3
Argentina,90,44938712,Bizarrap,9.79,41339571,Bizarrap,Comedy,Entertainment,98,8,15,Jan,2017,772700,9300000,48300,579500,371,20600000,200000,83,7657171980,193176000,711,0.970873786,92255084.1
South Korea,94.3,51709098,Mnet K-POP,4.15,42106719,Mnet K-POP,Entertainment,Entertainment,99,7,9,Mar,2006,634200,7600000,39600,475600,373,20500000,100000,33229,15038593883,158540000,220,0.487804878,452574.3743
United States,88.2,328239523,Ninja Kidz TV,14.7,270663028,Ninja Kidz TV,Entertainment,Entertainment,99,104,9,Feb,2017,780800,9400000,48800,585600,375,20500000,100000,296,11009148579,195203000,377,0.487804878,37193069.52
Brazil,51.3,212559417,Totoy kids - Portugu√î√∏Œ©,12.08,183241641,Totoy kids - Portugu√î√∏Œ©,Film & Animation,Film,24,19,2,Dec,2014,158000,1900000,9900,118500,376,20400000,100000,206,1796227417,39495000,5673,0.490196078,8719550.568
United States,88.2,328239523,Jake Paul,14.7,270663028,Jake Paul,People & Blogs,People,19,105,19,Sep,2013,58600,703000,3700,43900,377,20400000,100000,1006,7311322368,14646000,778,0.490196078,7267716.072
India,28.1,1366417754,Vijay Television,5.36,471031528,Vijay Television,Entertainment,Entertainment,100,70,1,Feb,2007,3600000,43600000,226900,2700000,379,20400000,400000,51515,29406206620,907534000,43,1.960784314,570828.0427
India,28.1,1366417754,Emiway Bantai,5.36,471031528,Emiway Bantai,Music,Music,94,70,3,May,2013,165200,2000000,10300,123900,381,20400000,100000,239,3579555124,41289000,2236,0.490196078,14977218.09
United Kingdom,60,66834405,Got Talent Global,3.85,55908316,Got Talent Global,Entertainment,Entertainment,101,15,31,Jan,2013,345800,4100000,21600,259400,382,20300000,100000,1245,2441288701,86457000,3750,0.492610837,1960874.459
Indonesia,36.3,270203917,BabyBus - Cerita & Lagu Anak-anak,4.69,151509724,BabyBus - Cerita & Lagu Anak-anak,Education,Education,22,10,14,Jan,2019,451100,5400000,28200,338300,384,20300000,100000,875,11819051552,112768000,332,0.492610837,13507487.49
Colombia,55.3,50339443,Ami Rodriguez,9.71,40827302,Ami Rodriguez,Entertainment,Entertainment,103,7,20,Jul,2009,1100000,12700000,66000,791600,385,20200000,1600000,460,2951914200,263864000,2959,7.920792079,6417204.783
United Arab Emirates,36.8,9770529,Noor Stars,2.35,8479744,Noor Stars,Comedy,Entertainment,102,5,24,Apr,2014,62200,746700,3900,46700,386,20200000,100000,693,2764127969,15556000,3238,0.495049505,3988640.648
India,28.1,1366417754,Kiddiestv Hindi - Nursery Rhymes & Kids Songs,5.36,471031528,Kiddiestv Hindi - Nursery Rhymes & Kids Songs,Education,Education,23,71,25,May,2017,453700,5400000,28400,340300,388,20200000,300000,226,7274150246,113420000,780,1.485148515,32186505.51
Latvia,88.1,1912789,dednahype,6.52,1304943,dednahype,Comedy,Comedy,19,1,20,Mar,2020,5000000,59800000,311200,3700000,389,20200000,1200000,1935,20919403720,1245000000,108,5.940594059,10811061.35
United States,88.2,328239523,Marta and Rustam,14.7,270663028,Marta and Rustam,Comedy,Comedy,20,106,21,Jun,2021,1800000,21700000,113100,1400000,390,20200000,600000,761,19694265358,452250000,126,2.97029703,25879455.14
Indonesia,36.3,270203917,MiawAug,4.69,151509724,MiawAug,Gaming,Games,27,11,15,Mar,2014,258000,3100000,16100,193500,391,20200000,200000,3713,6098644584,64489000,1023,0.99009901,1642511.334
United States,88.2,328239523,CookieSwirlC,14.7,270663028,CookieSwirlC,Entertainment,Games,28,108,3,Nov,2013,886800,10600000,55400,665100,392,20100000,200000,3774,23353115850,221702000,86,0.995024876,6187895.032
United States,88.2,328239523,Pencilmation,14.7,270663028,Pencilmation,Film & Animation,Entertainment,104,109,1,Feb,2007,59400,713400,3700,44600,396,20100000,100000,1481,11317309935,14862000,366,0.497512438,7641667.748
United States,88.2,328239523,7clouds,14.7,270663028,7clouds,Music,Music,95,108,25,May,2013,1100000,13300000,69200,830300,397,20100000,300000,2384,14816075927,276751000,227,1.492537313,6214796.949
United States,88.2,328239523,5-Minute Crafts PLAY,14.7,270663028,5-Minute Crafts PLAY,Howto & Style,Howto,12,108,30,Oct,2017,423100,5100000,26400,317400,398,20100000,100000,5491,6119294270,105784000,1014,0.497512438,1114422.559
United States,88.2,328239523,MarvelEntertainment,14.7,270663028,Marvel Entertainment,Entertainment,Film,4024,6143,10,May,2011,0,3,0,0,399,20100000,30,1,5634695322,63,4054962,0.000149254,5634695322
United Kingdom,60,66834405,Gordon Ramsay,3.85,55908316,Gordon Ramsay,Entertainment,Entertainment,104,16,29,Apr,2006,156900,1900000,9800,117700,403,20000000,200000,1527,3875172235,39228000,2001,1,2537768.327
India,28.1,1366417754,Green Gold TV - Official Channel,5.36,471031528,Green Gold TV - Official Channel,Film & Animation,Entertainment,104,72,1,Jul,2011,0,0,0,0,405,20000000,100000,1476,9715291883,70278000,473,0.5,6582176.072
Brazil,51.3,212559417,Gusttavo Lima Oficial,12.08,183241641,Gusttavo Lima Oficial,Music,Music,97,21,9,Nov,2010,859200,10300000,53700,644400,406,19900000,100000,416,13917423958,214803000,258,0.502512563,33455346.05
United States,88.2,328239523,Crafty Panda,14.7,270663028,Crafty Panda,People & Blogs,Entertainment,105,111,3,Dec,2017,24500,294600,1500,18400,408,19800000,100000,760,5759442450,6137000,1120,0.505050505,7578213.75
United Kingdom,60,66834405,Britain's Got Talent,3.85,55908316,Britain's Got Talent,Entertainment,Entertainment,106,17,12,Apr,2008,216800,2600000,13500,162600,413,19700000,100000,4225,11323617496,54192000,364,0.507614213,2680146.153
United States,88.2,328239523,Sony AATH,14.7,270663028,Sony AATH,Shows,Entertainment,106,112,13,Nov,2013,1100000,13200000,68600,822600,416,19600000,300000,18661,13930021471,274212000,257,1.530612245,746477.7596
Turkey,23.9,83429615,tabii Urdu,13.49,63097818,tabii Urdu,Entertainment,Entertainment,107,3,17,Apr,2020,443200,5300000,27700,332400,417,19600000,100000,1306,8779729549,110806000,562,0.510204082,6722610.681
United States,88.2,328239523,DaFuq!?Boom!,14.7,270663028,DaFuq!?Boom!,Film & Animation,Entertainment,106,112,6,Jun,2016,9200000,110600000,576000,6900000,418,19600000,6700000,214,7906181776,2304000000,656,34.18367347,36944774.65
India,28.1,1366417754,RKD Studios,5.36,471031528,RKD Studios,Entertainment,Entertainment,108,74,14,Mar,2014,0,0,0,0,420,19500000,300000,847,5234251168,59841000,1265,1.538461538,6179753.445
India,28.1,1366417754,DLS News,5.36,471031528,DLS News,News & Politics,News,8,74,5,Jul,2017,128400,1500000,8000,96300,421,19400000,100000,4750,2255542592,32111000,4178,0.515463918,474851.072
Mexico,40.2,126014024,JukiLop,3.42,102626859,JukiLop,People & Blogs,People,22,14,15,Sep,2017,9500,114300,595,7100,422,19400000,100000,85,1577859332,2382000,6674,0.515463918,18563050.96
India,28.1,1366417754,etvteluguindia,5.36,471031528,etvteluguindia,Entertainment,Entertainment,109,75,15,Mar,2010,1100000,13100000,68200,818800,423,19400000,200000,125974,23038014291,272917000,88,1.030927835,182879.1202
Switzerland,59.6,8574832,FIFA,4.58,6332428,FIFA,Sports,Sports,5,1,6,Sep,2006,235500,2800000,14700,176600,424,19400000,100000,10728,5529131886,58863000,1186,0.515463918,515392.6068
India,28.1,1366417754,Sonotek,5.36,471031528,Sonotek,Entertainment,Music,98,77,11,Jan,2011,114700,1400000,7200,86000,429,19200000,100000,8285,7590582024,28678000,724,0.520833333,916183.7084
United States,88.2,328239523,ÀùÀùÀùÀùÀùÀùÀùÀùÀùÀùÀùÀùÀùÀù ÀùÀùÀùÀù,14.7,270663028,ÀùÀùÀùÀùÀùÀùÀùÀùÀùÀùÀùÀùÀùÀù ÀùÀùÀùÀù,Education,Entertainment,111,116,20,Feb,2018,86300,1000000,5400,64800,434,19000000,100000,60,4924054368,21587000,1399,0.526315789,82067572.8
Mexico,40.2,126014024,SUPER SLICK SLIME SAM,3.42,102626859,SUPER SLICK SLIME SAM,Howto & Style,Howto,111,15,23,Jan,2018,493400,5900000,30800,370000,435,19000000,200000,903,7229175322,123338000,786,1.052631579,8005731.254
India,28.1,1366417754,Wow Kidz Action,5.36,471031528,Wow Kidz Action,Film & Animation,Entertainment,111,78,8,Nov,2017,422800,5100000,26400,317100,436,19000000,200000,1525,8281724393,105706000,618,1.052631579,5430638.946
Brazil,51.3,212559417,Turma da M√î√∏Œ©√î√∏Œ©,12.08,183241641,Turma da M√î√∏Œ©√î√∏Œ©,Film & Animation,Film,27,22,30,Jul,2012,307600,3700000,19200,230700,437,19000000,100000,1154,13824277846,76903000,260,0.526315789,11979443.54
United Kingdom,60,66834405,Calvin Harris,3.85,55908316,Calvin Harris,Music,Music,99,18,11,Feb,2007,409600,4900000,25600,307200,438,19000000,100000,79,16014044618,102410000,191,0.526315789,202709425.5
United States,88.2,328239523,TED-Ed,14.7,270663028,TED-Ed,Education,Education,25,117,1,Mar,2011,119500,1400000,7500,89600,443,18800000,100000,2072,3654621568,29874000,2163,0.531914894,1763813.498
United Kingdom,60,66834405,Sidemen,3.85,55908316,Sidemen,Entertainment,Entertainment,113,19,14,Jun,2015,312600,3800000,19500,234500,444,18800000,100000,312,5257834105,78158000,1263,0.531914894,16852032.39
United States,88.2,328239523,Farruko,14.7,270663028,Farruko,Music,Music,100,117,30,Oct,2009,391000,4700000,24400,293300,447,18800000,100000,217,9573641299,97758000,485,0.531914894,44118162.67
Ukraine,82.7,44385155,ÀùÀùÀùÀùÀùÀùÀùÀùÀùÀùÀùÀùÀùÀùÀùÀùÀùÀùÀùÀùÀùÀù,8.88,30835699,ÀùÀùÀùÀùÀùÀùÀùÀùÀùÀùÀùÀùÀùÀùÀùÀùÀùÀùÀùÀùÀùÀù,Entertainment,Entertainment,113,2,20,Oct,2014,272000,3300000,17000,204000,448,18800000,100000,530,9594188708,68006000,483,0.531914894,18102242.85
India,28.1,1366417754,Triggered Insaan,5.36,471031528,Triggered Insaan,Comedy,People,24,79,17,Jul,2014,436100,5200000,27300,327100,449,18800000,700000,304,3276891538,109026000,2508,3.723404255,10779248.48
Spain,88.9,47076781,cKn,13.96,37927409,CKN,Entertainment,Music,5631,4093,26,Sep,2005,0,5,0,0,450,18700000,1,16,12295637162,102,3188353,5.35E-06,768477322.6
India,28.1,1366417754,Shemaroo Comedy,5.36,471031528,Shemaroo Comedy,Entertainment,Comedy,24,81,31,Jan,2007,409700,4900000,25600,307300,452,18600000,200000,4487,6047584292,102431000,1033,1.075268817,1347801.269
Thailand,49.3,69625582,GRAMMY GOLD OFFICIAL,0.75,35294600,GRAMMY GOLD OFFICIAL,Music,Music,101,5,15,Jan,2014,674400,8100000,42100,505800,454,18600000,100000,6287,20196704276,168597000,121,0.537634409,3212454.951
Saudi Arabia,68,34268528,ÀùÀùÀùÀùÀùÀùÀùÀù ÀùÀùÀùÀùÀùÀùÀùÀùÀùÀù ÀùÀùÀùÀùÀùÀùÀùÀùÀùÀù | Arab Games ÀùÀùÀù,5.93,28807838,ÀùÀùÀùÀùÀùÀùÀùÀù ÀùÀùÀùÀùÀùÀùÀùÀùÀùÀù ÀùÀùÀùÀùÀùÀùÀùÀùÀùÀù | Arab Games Network,Gaming,Games,31,3,29,Nov,2013,172000,2100000,10800,129000,455,18600000,500000,6289,8761255550,43007000,566,2.688172043,1393107.895
Brazil,51.3,212559417,Dan-Sa / Daniel Saboya,12.08,183241641,Dan-Sa / Daniel Saboya,Music,Music,102,24,22,Sep,2007,0,0,0,0,456,18500000,100000,1329,2908120896,6148000000,45213,0.540540541,2188202.33
Russia,81.9,144373535,Marmok,4.59,107683889,Marmok,Gaming,Games,32,5,27,Apr,2008,153100,1800000,9600,114800,457,18500000,100000,374,3457618361,38282000,2356,0.540540541,9244968.88
Russia,81.9,144373535,Like Nastya Vlog,4.59,107683889,Like Nastya Vlog,People & Blogs,People,25,5,14,Jan,2016,195800,2300000,12200,146800,459,18500000,100000,493,8147575884,48947000,630,0.540540541,16526523.09
Indonesia,36.3,270203917,Willie Salim,4.69,151509724,Willie Salim,People & Blogs,People,25,13,6,Jan,2014,789500,9500000,49300,592100,460,18500000,1600000,679,4051072188,197369000,1868,8.648648649,5966232.972
Thailand,49.3,69625582,RsiamMusic : √î√∏Œ©√î√∏Œ©√î√∏Œ©√î√∏Œ©√î√∏Œ©√î√∏Œ©√î√∏Œ©√î√∏Œ©,0.75,35294600,RsiamMusic : √î√∏Œ©√î√∏Œ©√î√∏Œ©√î√∏Œ©√î√∏Œ©√î√∏Œ©√î√∏Œ©√î√∏Œ©,Music,Music,103,6,8,Mar,2011,216500,2600000,13500,162400,463,18400000,100000,3159,11544297793,54133000,346,0.543478261,3654415.256
United States,88.2,328239523,Miley Cyrus,14.7,270663028,Miley Cyrus,Entertainment,Entertainment,117,121,15,Sep,2009,511900,6100000,32000,383900,467,18300000,100000,142,7760819588,127982000,696,0.546448087,54653659.07